Categoria,MÃªs,Dia,CPV
Categoria_A,2024-01,1,56.72017174448399
Categoria_A,2024-01,2,89.85305183755773
Categoria_A,2024-01,3,66.04332735997532
Categoria_A,2024-01,4,10.877710515166246
Categoria_A,2024-01,5,9.033661894496525
Categoria_A,2024-01,6,295.8884100482214
Categoria_A,2024-01,7,89.233177219144
Categoria_A,2024-01,8,86.51468048027002
Categoria_A,2024-01,9,76.21265159574178
Categoria_A,2024-01,10,68.0903350790412
Categoria_A,2024-01,11,65.92928368228114
Categoria_A,2024-01,12,54.07488589919816
Categoria_A,2024-01,13,82.57505199858127
Categoria_A,2024-01,14,78.6654537494029
Categoria_A,2024-01,15,75.54571771026204
Categoria_A,2024-01,16,81.62518574820855
Categoria_A,2024-01,17,88.9683724981031
Categoria_A,2024-01,18,283.4464004205544
Categoria_A,2024-01,19,46.40483647894871
Categoria_A,2024-01,20,71.76652014997117
Categoria_A,2024-01,21,81.63925603431727
Categoria_A,2024-01,22,76.00016120588637
Categoria_A,2024-01,23,67.66172345634672
Categoria_A,2024-01,24,73.47897276037807
Categoria_A,2024-01,25,104.35263480508921
Categoria_A,2024-01,26,511.37074599346437
Categoria_A,2024-01,27,78.23824134791617
Categoria_A,2024-01,28,70.93112368085947
Categoria_A,2024-01,29,84.98851916743403
Categoria_A,2024-01,30,91.43345619375383
Categoria_A,2024-01,31,82.43627924494582
Categoria_A,2024-02,1,98.23106861450562
Categoria_A,2024-02,2,72.33571099307274
Categoria_A,2024-02,3,82.1512752424768
Categoria_A,2024-02,4,77.69839001990813
Categoria_A,2024-02,5,438.27994103267247
Categoria_A,2024-02,6,14.766711025049828
Categoria_A,2024-02,7,79.68048484752035
Categoria_A,2024-02,8,85.04104084293161
Categoria_A,2024-02,9,76.19521506634486
Categoria_A,2024-02,10,98.8175501299584
Categoria_A,2024-02,11,94.75750606489123
Categoria_A,2024-02,12,95.37597741339269
Categoria_A,2024-02,13,52.4065776257018
Categoria_A,2024-02,14,62.72407815366865
Categoria_A,2024-02,15,102.6643509381627
Categoria_A,2024-02,16,64.9490747773875
Categoria_A,2024-02,17,88.97491566423598
Categoria_A,2024-02,18,75.69387812272308
Categoria_A,2024-02,19,96.07518268461428
Categoria_A,2024-02,20,100.80079528683352
Categoria_A,2024-02,21,363.81963048223156
Categoria_A,2024-02,22,15.067493699127624
Categoria_A,2024-02,23,65.80591859956583
Categoria_A,2024-02,24,93.26966310806196
Categoria_A,2024-02,25,83.71133354568322
Categoria_A,2024-02,26,69.98633966188467
Categoria_A,2024-02,27,78.87285251948673
Categoria_A,2024-02,28,91.14139916100538
Categoria_A,2024-02,29,80.70564467690093
Categoria_A,2024-03,1,78.4430561277309
Categoria_A,2024-03,2,71.73109261829737
Categoria_A,2024-03,3,110.0050529860398
Categoria_A,2024-03,4,127.41123813666162
Categoria_A,2024-03,5,91.46825834256612
Categoria_A,2024-03,6,133.55785959896434
Categoria_A,2024-03,7,100.8014526934209
Categoria_A,2024-03,8,98.94633888601233
Categoria_A,2024-03,9,107.10627863908557
Categoria_A,2024-03,10,94.29168504731523
Categoria_A,2024-03,11,71.48836386813603
Categoria_A,2024-03,12,77.40354595120394
Categoria_A,2024-03,13,87.05569392789133
Categoria_A,2024-03,14,99.15069963975031
Categoria_A,2024-03,15,104.77330478535127
Categoria_A,2024-03,16,67.83134163337186
Categoria_A,2024-03,17,81.7943307833239
Categoria_A,2024-03,18,145.94035743250396
Categoria_A,2024-03,19,72.41321206036139
Categoria_A,2024-03,20,80.82408843307641
Categoria_A,2024-03,21,106.19204473891358
Categoria_A,2024-03,22,115.87222045933251
Categoria_A,2024-03,23,143.39054294396936
Categoria_A,2024-03,24,94.16777305259845
Categoria_A,2024-03,25,92.71408498410507
Categoria_A,2024-03,26,141.01538192920566
Categoria_A,2024-03,27,107.65003414439776
Categoria_A,2024-03,28,109.39341894593468
Categoria_A,2024-03,29,79.93067239520849
Categoria_A,2024-03,30,117.93648329167492
Categoria_A,2024-03,31,89.30009152359442
Categoria_A,2024-04,1,84.81675545866538
Categoria_A,2024-04,2,125.43134416143027
Categoria_A,2024-04,3,70.11993452493591
Categoria_A,2024-04,4,118.2203157426289
Categoria_A,2024-04,5,98.75918927366068
Categoria_A,2024-04,6,109.36339300698373
Categoria_A,2024-04,7,91.1142755783819
Categoria_A,2024-04,8,141.82251441971647
Categoria_A,2024-04,9,114.07950294976082
Categoria_A,2024-04,10,84.83859668784848
Categoria_A,2024-04,11,118.45300814043782
Categoria_A,2024-04,12,117.909167626888
Categoria_A,2024-04,13,59.42997030838811
Categoria_A,2024-04,14,69.83288091473158
Categoria_A,2024-04,15,115.61535816215282
Categoria_A,2024-04,16,82.83360234669271
Categoria_A,2024-04,17,86.55147799764453
Categoria_A,2024-04,18,95.11303157790549
Categoria_A,2024-04,19,122.05889412979484
Categoria_A,2024-04,20,92.10445445306945
Categoria_A,2024-04,21,74.2554343921438
Categoria_A,2024-04,22,112.58735987647842
Categoria_A,2024-04,23,130.25158762051095
Categoria_A,2024-04,24,97.51740049307324
Categoria_A,2024-04,25,114.63404171054042
Categoria_A,2024-04,26,127.42468792369345
Categoria_A,2024-04,27,62.79967576377403
Categoria_A,2024-04,28,104.95962795378519
Categoria_A,2024-04,29,117.43869535209647
Categoria_A,2024-04,30,59.66382145218615
Categoria_A,2024-05,1,54.79152945599574
Categoria_A,2024-05,2,71.31292024296091
Categoria_A,2024-05,3,70.57419235708306
Categoria_A,2024-05,4,73.73323324740164
Categoria_A,2024-05,5,85.14756919856127
Categoria_A,2024-05,6,82.3396725583319
Categoria_A,2024-05,7,426.79269051218535
Categoria_A,2024-05,8,81.04217028940195
Categoria_A,2024-05,9,72.3072955974233
Categoria_A,2024-05,10,70.41244709591878
Categoria_A,2024-05,11,72.03439708221715
Categoria_A,2024-05,12,50.23162944982599
Categoria_A,2024-05,13,65.14553656101229
Categoria_A,2024-05,14,91.53016143035224
Categoria_A,2024-05,15,69.62631205468765
Categoria_A,2024-05,16,62.07030538172048
Categoria_A,2024-05,17,64.96883877143377
Categoria_A,2024-05,18,65.10959216783216
Categoria_A,2024-05,19,76.4110970713472
Categoria_A,2024-05,20,64.52360017169079
Categoria_A,2024-05,21,24.678774058627987
Categoria_A,2024-05,22,94.33067195302644
Categoria_A,2024-05,23,12.322704428613445
Categoria_A,2024-05,24,80.71560996521919
Categoria_A,2024-05,25,83.70304987370307
Categoria_A,2024-05,26,46.46580692037151
Categoria_A,2024-05,27,200.26055543605335
Categoria_A,2024-05,28,56.53236465464955
Categoria_A,2024-05,29,65.04514969393888
Categoria_A,2024-05,30,582.8813812108698
Categoria_A,2024-05,31,82.95874110754355
Categoria_A,2024-06,1,144.76657629450423
Categoria_A,2024-06,2,75.31105928330453
Categoria_A,2024-06,3,124.22674431386132
Categoria_A,2024-06,4,88.48459121541332
Categoria_A,2024-06,5,99.81181270109829
Categoria_A,2024-06,6,57.33813308452037
Categoria_A,2024-06,7,111.34135454902129
Categoria_A,2024-06,8,118.3878294820251
Categoria_A,2024-06,9,115.59960728192284
Categoria_A,2024-06,10,133.32050727692527
Categoria_A,2024-06,11,114.10864240208998
Categoria_A,2024-06,12,129.91683473851523
Categoria_A,2024-06,13,72.27751248400638
Categoria_A,2024-06,14,67.99566693651651
Categoria_A,2024-06,15,137.92936101229301
Categoria_A,2024-06,16,132.3736705750865
Categoria_A,2024-06,17,53.78134075862227
Categoria_A,2024-06,18,77.48088375567387
Categoria_A,2024-06,19,70.94535858962388
Categoria_A,2024-06,20,127.12354408664447
Categoria_A,2024-06,21,56.81998221995721
Categoria_A,2024-06,22,69.94595421133073
Categoria_A,2024-06,23,150.9796341793905
Categoria_A,2024-06,24,56.572927761189334
Categoria_A,2024-06,25,59.76070973401935
Categoria_A,2024-06,26,135.72880672533407
Categoria_A,2024-06,27,94.48792565527852
Categoria_A,2024-06,28,123.02368841775547
Categoria_A,2024-06,29,58.14954754252887
Categoria_A,2024-06,30,142.0097927315475
Categoria_A,2024-07,1,109.66249741268871
Categoria_A,2024-07,2,127.5119021849584
Categoria_A,2024-07,3,134.2370536008112
Categoria_A,2024-07,4,103.22273633293231
Categoria_A,2024-07,5,106.19570189880338
Categoria_A,2024-07,6,85.35861050484019
Categoria_A,2024-07,7,98.1073599842403
Categoria_A,2024-07,8,78.5434928796593
Categoria_A,2024-07,9,120.74397671466315
Categoria_A,2024-07,10,88.6126072075589
Categoria_A,2024-07,11,88.58771083732428
Categoria_A,2024-07,12,72.65131054105075
Categoria_A,2024-07,13,95.59321790459997
Categoria_A,2024-07,14,125.79537557681174
Categoria_A,2024-07,15,87.88528455045105
Categoria_A,2024-07,16,92.29886850694645
Categoria_A,2024-07,17,102.74546964152695
Categoria_A,2024-07,18,92.20793728208994
Categoria_A,2024-07,19,107.15095883481462
Categoria_A,2024-07,20,78.70791572564904
Categoria_A,2024-07,21,115.4274238727276
Categoria_A,2024-07,22,99.7093042954447
Categoria_A,2024-07,23,106.1863655756645
Categoria_A,2024-07,24,99.6042595613109
Categoria_A,2024-07,25,68.75669871964325
Categoria_A,2024-07,26,84.87530839888296
Categoria_A,2024-07,27,115.24976393035946
Categoria_A,2024-07,28,126.57420074497463
Categoria_A,2024-07,29,106.04413814030477
Categoria_A,2024-07,30,99.41590806601265
Categoria_A,2024-07,31,82.33664057225337
Categoria_A,2024-08,1,70.23562002804141
Categoria_A,2024-08,2,10.012039840784576
Categoria_A,2024-08,3,80.76644820498694
Categoria_A,2024-08,4,57.82859359691943
Categoria_A,2024-08,5,500.63174453919214
Categoria_A,2024-08,6,109.92605317908503
Categoria_A,2024-08,7,60.791655403272074
Categoria_A,2024-08,8,56.850549076338474
Categoria_A,2024-08,9,54.03977934714195
Categoria_A,2024-08,10,98.54320895485068
Categoria_A,2024-08,11,47.66591665483013
Categoria_A,2024-08,12,111.89917886105773
Categoria_A,2024-08,13,40.831033669977984
Categoria_A,2024-08,14,69.85062146804715
Categoria_A,2024-08,15,28.559907869997918
Categoria_A,2024-08,16,77.07214530853734
Categoria_A,2024-08,17,58.24615923805021
Categoria_A,2024-08,18,83.49641489416145
Categoria_A,2024-08,19,74.54982817253195
Categoria_A,2024-08,20,58.50427249828197
Categoria_A,2024-08,21,90.68143610598136
Categoria_A,2024-08,22,96.65866510331729
Categoria_A,2024-08,23,57.59074860139967
Categoria_A,2024-08,24,103.2039852146897
Categoria_A,2024-08,25,98.97215223700397
Categoria_A,2024-08,26,57.51751322701147
Categoria_A,2024-08,27,343.59615219219467
Categoria_A,2024-08,28,113.11699959174628
Categoria_A,2024-08,29,96.33462430014772
Categoria_A,2024-08,30,101.80266103437364
Categoria_A,2024-08,31,190.2238915860473
Categoria_A,2024-09,1,49.829448145315624
Categoria_A,2024-09,2,86.15966997363775
Categoria_A,2024-09,3,297.82395963306567
Categoria_A,2024-09,4,72.19882523335706
Categoria_A,2024-09,5,71.98646001553251
Categoria_A,2024-09,6,62.281003028619686
Categoria_A,2024-09,7,66.46064088559567
Categoria_A,2024-09,8,14.457386881372132
Categoria_A,2024-09,9,115.24910178114439
Categoria_A,2024-09,10,74.00051781427312
Categoria_A,2024-09,11,64.62561257700882
Categoria_A,2024-09,12,77.27959435720965
Categoria_A,2024-09,13,79.48993863626166
Categoria_A,2024-09,14,378.90679835258294
Categoria_A,2024-09,15,57.93431329074021
Categoria_A,2024-09,16,87.75210621571931
Categoria_A,2024-09,17,88.61006769647601
Categoria_A,2024-09,18,66.61300563655797
Categoria_A,2024-09,19,364.7778850715543
Categoria_A,2024-09,20,57.71487647472133
Categoria_A,2024-09,21,78.10905775732199
Categoria_A,2024-09,22,82.1160540830959
Categoria_A,2024-09,23,88.7262560848921
Categoria_A,2024-09,24,101.37497163035584
Categoria_A,2024-09,25,89.62364120619296
Categoria_A,2024-09,26,77.41003050388863
Categoria_A,2024-09,27,22.021835482178627
Categoria_A,2024-09,28,82.70581364443338
Categoria_A,2024-09,29,67.85766875322375
Categoria_A,2024-09,30,75.90345915367082
Categoria_A,2024-10,1,60.894453253324734
Categoria_A,2024-10,2,83.03131817821976
Categoria_A,2024-10,3,59.65311018863109
Categoria_A,2024-10,4,63.00883391105171
Categoria_A,2024-10,5,112.00037861809462
Categoria_A,2024-10,6,28.65236170656713
Categoria_A,2024-10,7,91.0209957696565
Categoria_A,2024-10,8,60.82487318635974
Categoria_A,2024-10,9,82.44862593363261
Categoria_A,2024-10,10,50.149409309187625
Categoria_A,2024-10,11,96.71413706689457
Categoria_A,2024-10,12,38.608307664166006
Categoria_A,2024-10,13,78.33094098129541
Categoria_A,2024-10,14,109.8875073740309
Categoria_A,2024-10,15,75.04230326877132
Categoria_A,2024-10,16,60.204665958744876
Categoria_A,2024-10,17,79.91554674799227
Categoria_A,2024-10,18,88.37614800460166
Categoria_A,2024-10,19,60.78067886989789
Categoria_A,2024-10,20,39.15974375465625
Categoria_A,2024-10,21,472.02655331376724
Categoria_A,2024-10,22,81.44710839437394
Categoria_A,2024-10,23,307.15658116896964
Categoria_A,2024-10,24,30.002493388172322
Categoria_A,2024-10,25,100.60764007047501
Categoria_A,2024-10,26,53.14751420071465
Categoria_A,2024-10,27,73.58104277479264
Categoria_A,2024-10,28,87.14160035233418
Categoria_A,2024-10,29,348.9439488426006
Categoria_A,2024-10,30,74.5959052442326
Categoria_A,2024-10,31,52.64527250379055
Categoria_A,2024-11,1,90.48654336668915
Categoria_A,2024-11,2,93.56022775219776
Categoria_A,2024-11,3,87.83773688108565
Categoria_A,2024-11,4,104.05062123510946
Categoria_A,2024-11,5,252.52060417956037
Categoria_A,2024-11,6,79.61794942796318
Categoria_A,2024-11,7,76.28435344665424
Categoria_A,2024-11,8,15.011385465498197
Categoria_A,2024-11,9,102.57136377645207
Categoria_A,2024-11,10,72.07619674720358
Categoria_A,2024-11,11,88.31272786384511
Categoria_A,2024-11,12,107.3553862699899
Categoria_A,2024-11,13,67.24539949697548
Categoria_A,2024-11,14,62.42314399550321
Categoria_A,2024-11,15,66.07415382258684
Categoria_A,2024-11,16,108.48044957881135
Categoria_A,2024-11,17,57.943147295747586
Categoria_A,2024-11,18,103.83538000889213
Categoria_A,2024-11,19,92.70523832545236
Categoria_A,2024-11,20,67.82000741090832
Categoria_A,2024-11,21,89.97758232247628
Categoria_A,2024-11,22,79.30850878894609
Categoria_A,2024-11,23,106.50666480286006
Categoria_A,2024-11,24,18.41038079235652
Categoria_A,2024-11,25,79.91804344673663
Categoria_A,2024-11,26,84.53973309094599
Categoria_A,2024-11,27,250.50200975719406
Categoria_A,2024-11,28,59.65233735343766
Categoria_A,2024-11,29,338.9940588156523
Categoria_A,2024-11,30,95.97866448226823
Categoria_A,2024-12,1,48.01619706825366
Categoria_A,2024-12,2,88.85482610570558
Categoria_A,2024-12,3,52.80042267855267
Categoria_A,2024-12,4,104.9159942658265
Categoria_A,2024-12,5,298.07152122825363
Categoria_A,2024-12,6,63.397284248473845
Categoria_A,2024-12,7,106.84999543888128
Categoria_A,2024-12,8,73.41709533857298
Categoria_A,2024-12,9,48.257979835634536
Categoria_A,2024-12,10,77.74452550407882
Categoria_A,2024-12,11,88.759767062286
Categoria_A,2024-12,12,86.47990226178337
Categoria_A,2024-12,13,89.55678091781355
Categoria_A,2024-12,14,90.75559774037808
Categoria_A,2024-12,15,103.89857496215608
Categoria_A,2024-12,16,78.66818936977135
Categoria_A,2024-12,17,74.50359228992201
Categoria_A,2024-12,18,93.63412353894532
Categoria_A,2024-12,19,42.162423413577095
Categoria_A,2024-12,20,19.289631039327322
Categoria_A,2024-12,21,80.82982139251096
Categoria_A,2024-12,22,65.54336691074012
Categoria_A,2024-12,23,88.56485367743375
Categoria_A,2024-12,24,75.24953129587884
Categoria_A,2024-12,25,89.40176413769568
Categoria_A,2024-12,26,451.2280685125357
Categoria_A,2024-12,27,72.63598451594659
Categoria_A,2024-12,28,27.51281329706395
Categoria_A,2024-12,29,264.3850567706492
Categoria_A,2024-12,30,62.9125580186047
Categoria_A,2024-12,31,91.70175716274646
Categoria_B,2024-01,1,112.123289322226
Categoria_B,2024-01,2,99.0828844878317
Categoria_B,2024-01,3,72.71618870184717
Categoria_B,2024-01,4,91.09923902586442
Categoria_B,2024-01,5,150.89190917764438
Categoria_B,2024-01,6,94.37079933417198
Categoria_B,2024-01,7,95.29736156716254
Categoria_B,2024-01,8,41.05263573150233
Categoria_B,2024-01,9,74.99199702200627
Categoria_B,2024-01,10,126.01771565899206
Categoria_B,2024-01,11,109.86437908796864
Categoria_B,2024-01,12,110.40483643845513
Categoria_B,2024-01,13,92.70758221201625
Categoria_B,2024-01,14,72.087807282899
Categoria_B,2024-01,15,100.05495679011455
Categoria_B,2024-01,16,91.50826891761102
Categoria_B,2024-01,17,94.94092970454403
Categoria_B,2024-01,18,143.56742789206683
Categoria_B,2024-01,19,102.23815711016763
Categoria_B,2024-01,20,115.50759327450993
Categoria_B,2024-01,21,119.10548109990673
Categoria_B,2024-01,22,105.65036976043658
Categoria_B,2024-01,23,93.85389305026456
Categoria_B,2024-01,24,83.28070812924261
Categoria_B,2024-01,25,136.48616387059772
Categoria_B,2024-01,26,100.24769561248618
Categoria_B,2024-01,27,78.98436120491634
Categoria_B,2024-01,28,107.37858764467585
Categoria_B,2024-01,29,125.42281875517702
Categoria_B,2024-01,30,115.16136494060122
Categoria_B,2024-01,31,43.90259719209389
Categoria_B,2024-02,1,97.58090636836206
Categoria_B,2024-02,2,103.60379376918135
Categoria_B,2024-02,3,39.123686744138766
Categoria_B,2024-02,4,42.82989139867546
Categoria_B,2024-02,5,102.63548186169591
Categoria_B,2024-02,6,109.70627651231248
Categoria_B,2024-02,7,71.60095161324055
Categoria_B,2024-02,8,79.6120650715648
Categoria_B,2024-02,9,46.04684613758456
Categoria_B,2024-02,10,60.40863532675412
Categoria_B,2024-02,11,92.60514212081938
Categoria_B,2024-02,12,75.17848693800528
Categoria_B,2024-02,13,100.28876237511741
Categoria_B,2024-02,14,221.27405704791403
Categoria_B,2024-02,15,70.86819777674906
Categoria_B,2024-02,16,401.9871834492758
Categoria_B,2024-02,17,19.761287454102856
Categoria_B,2024-02,18,16.51207545070227
Categoria_B,2024-02,19,73.22607194885204
Categoria_B,2024-02,20,56.273395566045664
Categoria_B,2024-02,21,70.67367461074552
Categoria_B,2024-02,22,76.16320382562516
Categoria_B,2024-02,23,61.58063917569666
Categoria_B,2024-02,24,47.58982425114076
Categoria_B,2024-02,25,65.87141934438878
Categoria_B,2024-02,26,84.37085294247792
Categoria_B,2024-02,27,49.066488588019176
Categoria_B,2024-02,28,102.60574712916319
Categoria_B,2024-02,29,460.95495520164894
Categoria_B,2024-03,1,83.95185405488849
Categoria_B,2024-03,2,86.43214230890041
Categoria_B,2024-03,3,86.8063591748254
Categoria_B,2024-03,4,117.30908133779496
Categoria_B,2024-03,5,91.61946853041455
Categoria_B,2024-03,6,83.14341131979315
Categoria_B,2024-03,7,135.99535179323829
Categoria_B,2024-03,8,77.31939677845355
Categoria_B,2024-03,9,73.94635393623477
Categoria_B,2024-03,10,108.74681716764681
Categoria_B,2024-03,11,90.39326212868941
Categoria_B,2024-03,12,106.63711922400776
Categoria_B,2024-03,13,93.4211549385813
Categoria_B,2024-03,14,102.84461868610077
Categoria_B,2024-03,15,98.89514674802422
Categoria_B,2024-03,16,88.32287691349035
Categoria_B,2024-03,17,115.07056873684114
Categoria_B,2024-03,18,94.11659696089971
Categoria_B,2024-03,19,102.08151524332395
Categoria_B,2024-03,20,109.43351044736214
Categoria_B,2024-03,21,86.44408657939319
Categoria_B,2024-03,22,99.14581857988945
Categoria_B,2024-03,23,120.26573701397672
Categoria_B,2024-03,24,98.3638422793836
Categoria_B,2024-03,25,109.30844815845451
Categoria_B,2024-03,26,96.37451146451649
Categoria_B,2024-03,27,108.70136202798587
Categoria_B,2024-03,28,89.33061780951311
Categoria_B,2024-03,29,100.47868432799869
Categoria_B,2024-03,30,118.33154605524284
Categoria_B,2024-03,31,126.768739274134
Categoria_B,2024-04,1,207.37946101995428
Categoria_B,2024-04,2,37.38098514124608
Categoria_B,2024-04,3,488.5339986431461
Categoria_B,2024-04,4,65.92704191619025
Categoria_B,2024-04,5,74.47871310384996
Categoria_B,2024-04,6,61.31474535523225
Categoria_B,2024-04,7,61.28854849630714
Categoria_B,2024-04,8,48.17117442539874
Categoria_B,2024-04,9,68.91474712342736
Categoria_B,2024-04,10,96.73755213221393
Categoria_B,2024-04,11,102.96911771662258
Categoria_B,2024-04,12,87.60349639291282
Categoria_B,2024-04,13,102.48313669383629
Categoria_B,2024-04,14,77.9566216511046
Categoria_B,2024-04,15,47.678068967184394
Categoria_B,2024-04,16,94.79211609779365
Categoria_B,2024-04,17,93.69637804652913
Categoria_B,2024-04,18,27.282326861156797
Categoria_B,2024-04,19,363.26749065774476
Categoria_B,2024-04,20,72.22832028053345
Categoria_B,2024-04,21,76.55766547753076
Categoria_B,2024-04,22,85.25763056585232
Categoria_B,2024-04,23,84.24417174540856
Categoria_B,2024-04,24,91.17845817313626
Categoria_B,2024-04,25,46.08456532358166
Categoria_B,2024-04,26,72.52946982457429
Categoria_B,2024-04,27,7.760979233006368
Categoria_B,2024-04,28,82.42687355640173
Categoria_B,2024-04,29,92.62725705729875
Categoria_B,2024-04,30,81.2488883208244
Categoria_B,2024-05,1,78.55732550897608
Categoria_B,2024-05,2,100.65145459344069
Categoria_B,2024-05,3,81.35019320138866
Categoria_B,2024-05,4,69.92922155772868
Categoria_B,2024-05,5,115.9643812146456
Categoria_B,2024-05,6,109.9914124653605
Categoria_B,2024-05,7,88.31866761824381
Categoria_B,2024-05,8,101.11524928213316
Categoria_B,2024-05,9,121.66413943876505
Categoria_B,2024-05,10,77.85474280645393
Categoria_B,2024-05,11,117.90972493146198
Categoria_B,2024-05,12,72.19053173439413
Categoria_B,2024-05,13,71.01447924442435
Categoria_B,2024-05,14,95.15905343617997
Categoria_B,2024-05,15,83.01950471526797
Categoria_B,2024-05,16,90.14596284460379
Categoria_B,2024-05,17,87.35992910972874
Categoria_B,2024-05,18,282.0933889482301
Categoria_B,2024-05,19,84.0141772160784
Categoria_B,2024-05,20,239.93314372884063
Categoria_B,2024-05,21,89.81851930972775
Categoria_B,2024-05,22,135.90352003663432
Categoria_B,2024-05,23,70.80228307766973
Categoria_B,2024-05,24,23.339261488182434
Categoria_B,2024-05,25,68.44563664229263
Categoria_B,2024-05,26,138.94817247248866
Categoria_B,2024-05,27,80.42264436257304
Categoria_B,2024-05,28,24.471545126466495
Categoria_B,2024-05,29,117.02171648945091
Categoria_B,2024-05,30,93.63121210961762
Categoria_B,2024-05,31,88.95880528855061
Categoria_B,2024-06,1,75.13111816606717
Categoria_B,2024-06,2,50.10968797075027
Categoria_B,2024-06,3,71.26279003186276
Categoria_B,2024-06,4,89.04414565331061
Categoria_B,2024-06,5,112.60396285848452
Categoria_B,2024-06,6,76.3769859263586
Categoria_B,2024-06,7,61.67715893858272
Categoria_B,2024-06,8,112.24086942891246
Categoria_B,2024-06,9,79.18177965208456
Categoria_B,2024-06,10,117.55556755458082
Categoria_B,2024-06,11,76.83828530501958
Categoria_B,2024-06,12,236.9073803882767
Categoria_B,2024-06,13,22.436238509312357
Categoria_B,2024-06,14,107.54306134988609
Categoria_B,2024-06,15,103.43937122486244
Categoria_B,2024-06,16,119.8957038510293
Categoria_B,2024-06,17,50.286130592219166
Categoria_B,2024-06,18,120.85946560140673
Categoria_B,2024-06,19,59.84014836326455
Categoria_B,2024-06,20,82.99686373630215
Categoria_B,2024-06,21,115.05306203037173
Categoria_B,2024-06,22,300.22787599115514
Categoria_B,2024-06,23,68.42707953271709
Categoria_B,2024-06,24,91.46142051693343
Categoria_B,2024-06,25,16.010262433084286
Categoria_B,2024-06,26,124.35402638518076
Categoria_B,2024-06,27,244.54994607327046
Categoria_B,2024-06,28,53.261122482204485
Categoria_B,2024-06,29,114.39541519826368
Categoria_B,2024-06,30,46.03307425424563
Categoria_B,2024-07,1,86.8343070336268
Categoria_B,2024-07,2,68.42740806659597
Categoria_B,2024-07,3,272.37068625128205
Categoria_B,2024-07,4,98.8555847982008
Categoria_B,2024-07,5,88.43881936888576
Categoria_B,2024-07,6,16.717950850183733
Categoria_B,2024-07,7,51.57623148071275
Categoria_B,2024-07,8,70.93789436746734
Categoria_B,2024-07,9,76.83792527619532
Categoria_B,2024-07,10,68.842869153745
Categoria_B,2024-07,11,75.04617311855601
Categoria_B,2024-07,12,82.84416258076236
Categoria_B,2024-07,13,68.39200700053445
Categoria_B,2024-07,14,32.99180485780642
Categoria_B,2024-07,15,85.39760120298489
Categoria_B,2024-07,16,106.77176429119955
Categoria_B,2024-07,17,72.53951652095732
Categoria_B,2024-07,18,75.61448900863876
Categoria_B,2024-07,19,49.652056661913406
Categoria_B,2024-07,20,73.60022706006725
Categoria_B,2024-07,21,71.34534760997164
Categoria_B,2024-07,22,108.05200201608524
Categoria_B,2024-07,23,397.443428281631
Categoria_B,2024-07,24,53.5683536591119
Categoria_B,2024-07,25,86.9039792570014
Categoria_B,2024-07,26,86.89998087625338
Categoria_B,2024-07,27,28.385301926707744
Categoria_B,2024-07,28,84.48873411633286
Categoria_B,2024-07,29,93.34904942645665
Categoria_B,2024-07,30,376.6617036620915
Categoria_B,2024-07,31,90.21264021804093
Categoria_B,2024-08,1,64.51332670639914
Categoria_B,2024-08,2,108.38583018174292
Categoria_B,2024-08,3,54.2108590573288
Categoria_B,2024-08,4,119.21947324677184
Categoria_B,2024-08,5,69.44858819441814
Categoria_B,2024-08,6,80.83682129091463
Categoria_B,2024-08,7,107.70715311815269
Categoria_B,2024-08,8,46.37985430255289
Categoria_B,2024-08,9,52.37448725581962
Categoria_B,2024-08,10,67.48861929083267
Categoria_B,2024-08,11,71.59254744679582
Categoria_B,2024-08,12,105.60503553126166
Categoria_B,2024-08,13,12.80425748071435
Categoria_B,2024-08,14,105.52165686507105
Categoria_B,2024-08,15,99.46229222352297
Categoria_B,2024-08,16,105.97981488133281
Categoria_B,2024-08,17,107.60677069348546
Categoria_B,2024-08,18,375.1448003144016
Categoria_B,2024-08,19,54.85323837642294
Categoria_B,2024-08,20,78.61152684453207
Categoria_B,2024-08,21,103.32259636128965
Categoria_B,2024-08,22,58.674398815627356
Categoria_B,2024-08,23,105.61357776974226
Categoria_B,2024-08,24,95.18340446668925
Categoria_B,2024-08,25,332.31311026646233
Categoria_B,2024-08,26,48.72464202550149
Categoria_B,2024-08,27,84.95087934972528
Categoria_B,2024-08,28,99.74306854744916
Categoria_B,2024-08,29,200.42421319128306
Categoria_B,2024-08,30,47.89867883443108
Categoria_B,2024-08,31,35.40447706932525
Categoria_B,2024-09,1,62.003727741980335
Categoria_B,2024-09,2,77.09964273950257
Categoria_B,2024-09,3,74.47317994031162
Categoria_B,2024-09,4,78.08956859435881
Categoria_B,2024-09,5,66.57543046441536
Categoria_B,2024-09,6,97.50181920382558
Categoria_B,2024-09,7,87.8655419336975
Categoria_B,2024-09,8,78.5321204129607
Categoria_B,2024-09,9,117.40800193180033
Categoria_B,2024-09,10,80.73243538615142
Categoria_B,2024-09,11,426.05035962037016
Categoria_B,2024-09,12,57.7003922578011
Categoria_B,2024-09,13,68.95089635136293
Categoria_B,2024-09,14,20.593622197959977
Categoria_B,2024-09,15,45.724394357770464
Categoria_B,2024-09,16,82.82755431747114
Categoria_B,2024-09,17,80.39763951218303
Categoria_B,2024-09,18,110.77987738982179
Categoria_B,2024-09,19,53.130628646597984
Categoria_B,2024-09,20,36.10661663406401
Categoria_B,2024-09,21,83.2530485161806
Categoria_B,2024-09,22,54.33744311845273
Categoria_B,2024-09,23,14.678749695386887
Categoria_B,2024-09,24,60.72909427501616
Categoria_B,2024-09,25,83.35715759816478
Categoria_B,2024-09,26,200.07057490467088
Categoria_B,2024-09,27,84.06481899708808
Categoria_B,2024-09,28,72.04378650665568
Categoria_B,2024-09,29,77.35308342786992
Categoria_B,2024-09,30,467.5687933261074
Categoria_B,2024-10,1,92.81129434055997
Categoria_B,2024-10,2,66.8821246782949
Categoria_B,2024-10,3,76.62349294263804
Categoria_B,2024-10,4,165.40505556437262
Categoria_B,2024-10,5,67.79773447751536
Categoria_B,2024-10,6,60.226550771192244
Categoria_B,2024-10,7,130.52055436592482
Categoria_B,2024-10,8,112.25755858902124
Categoria_B,2024-10,9,111.59212961484134
Categoria_B,2024-10,10,110.78962092145436
Categoria_B,2024-10,11,122.80955721464248
Categoria_B,2024-10,12,111.01069600530244
Categoria_B,2024-10,13,81.95125858461917
Categoria_B,2024-10,14,67.32932859309655
Categoria_B,2024-10,15,110.10840801755536
Categoria_B,2024-10,16,106.57626450434581
Categoria_B,2024-10,17,64.21703895560634
Categoria_B,2024-10,18,69.03476224783216
Categoria_B,2024-10,19,79.17569824553995
Categoria_B,2024-10,20,70.23600119940961
Categoria_B,2024-10,21,121.73497269030278
Categoria_B,2024-10,22,94.29880336234288
Categoria_B,2024-10,23,132.00217312191668
Categoria_B,2024-10,24,166.31112469583547
Categoria_B,2024-10,25,146.0922539377377
Categoria_B,2024-10,26,65.7335606480092
Categoria_B,2024-10,27,71.94221251401927
Categoria_B,2024-10,28,76.8053498909083
Categoria_B,2024-10,29,98.34906759191546
Categoria_B,2024-10,30,157.490694377825
Categoria_B,2024-10,31,91.88465733542147
Categoria_B,2024-11,1,103.22902168090499
Categoria_B,2024-11,2,100.99998764747896
Categoria_B,2024-11,3,95.24351789487166
Categoria_B,2024-11,4,100.60652802248255
Categoria_B,2024-11,5,124.68624263849695
Categoria_B,2024-11,6,92.91234827297212
Categoria_B,2024-11,7,91.48077187688487
Categoria_B,2024-11,8,102.49380584898886
Categoria_B,2024-11,9,96.1742240314739
Categoria_B,2024-11,10,65.48004742835899
Categoria_B,2024-11,11,132.18117493134685
Categoria_B,2024-11,12,120.70621927848862
Categoria_B,2024-11,13,91.02316919850678
Categoria_B,2024-11,14,109.66682908497985
Categoria_B,2024-11,15,98.00484335338695
Categoria_B,2024-11,16,61.59745831512406
Categoria_B,2024-11,17,53.05296810836902
Categoria_B,2024-11,18,147.30267280478697
Categoria_B,2024-11,19,91.1829395527126
Categoria_B,2024-11,20,118.14470861456765
Categoria_B,2024-11,21,88.92581393362731
Categoria_B,2024-11,22,100.0686179621126
Categoria_B,2024-11,23,82.4520207446254
Categoria_B,2024-11,24,106.93618154415105
Categoria_B,2024-11,25,91.78100021606807
Categoria_B,2024-11,26,84.5594401098697
Categoria_B,2024-11,27,106.89453131882885
Categoria_B,2024-11,28,146.11519826245166
Categoria_B,2024-11,29,125.26843086565653
Categoria_B,2024-11,30,70.82928645742594
Categoria_B,2024-12,1,120.23765175748194
Categoria_B,2024-12,2,42.50416624282637
Categoria_B,2024-12,3,121.22402691591128
Categoria_B,2024-12,4,121.61487410088631
Categoria_B,2024-12,5,360.8885819150074
Categoria_B,2024-12,6,112.89751403651371
Categoria_B,2024-12,7,59.406850487343405
Categoria_B,2024-12,8,74.82330812012908
Categoria_B,2024-12,9,60.05433909273228
Categoria_B,2024-12,10,113.465644356723
Categoria_B,2024-12,11,106.10905791954251
Categoria_B,2024-12,12,110.2944901536747
Categoria_B,2024-12,13,49.01290434425315
Categoria_B,2024-12,14,43.181242667520614
Categoria_B,2024-12,15,30.936078689023894
Categoria_B,2024-12,16,115.68408982759141
Categoria_B,2024-12,17,109.1881348774038
Categoria_B,2024-12,18,82.74469273512666
Categoria_B,2024-12,19,46.146592459482214
Categoria_B,2024-12,20,115.02158699053798
Categoria_B,2024-12,21,117.98279073096322
Categoria_B,2024-12,22,105.6943684580949
Categoria_B,2024-12,23,251.38013340113926
Categoria_B,2024-12,24,62.82903591179583
Categoria_B,2024-12,25,50.19118929249506
Categoria_B,2024-12,26,50.16834330934706
Categoria_B,2024-12,27,205.88648167408581
Categoria_B,2024-12,28,63.7589495840821
Categoria_B,2024-12,29,54.84537293254805
Categoria_B,2024-12,30,104.69722700480553
Categoria_B,2024-12,31,37.13028001093128
Categoria_C,2024-01,1,65.90385226197016
Categoria_C,2024-01,2,85.911551418145
Categoria_C,2024-01,3,80.45671988003615
Categoria_C,2024-01,4,121.42866387998731
Categoria_C,2024-01,5,84.80360244760335
Categoria_C,2024-01,6,77.90025278129099
Categoria_C,2024-01,7,106.2147402153101
Categoria_C,2024-01,8,111.43955236514952
Categoria_C,2024-01,9,94.84886327197826
Categoria_C,2024-01,10,223.80087867323377
Categoria_C,2024-01,11,69.4051655585864
Categoria_C,2024-01,12,90.81614056121362
Categoria_C,2024-01,13,34.07889860997268
Categoria_C,2024-01,14,89.62400217713028
Categoria_C,2024-01,15,232.22136785278502
Categoria_C,2024-01,16,90.98430939290733
Categoria_C,2024-01,17,102.02986755658002
Categoria_C,2024-01,18,70.74231341617798
Categoria_C,2024-01,19,70.91817886825821
Categoria_C,2024-01,20,70.91178719413978
Categoria_C,2024-01,21,119.73656822066141
Categoria_C,2024-01,22,14.951417979489825
Categoria_C,2024-01,23,94.10595005981087
Categoria_C,2024-01,24,258.07113744341734
Categoria_C,2024-01,25,96.67724147184104
Categoria_C,2024-01,26,107.69695495559345
Categoria_C,2024-01,27,55.25928165086285
Categoria_C,2024-01,28,91.37390450830232
Categoria_C,2024-01,29,83.50125303494906
Categoria_C,2024-01,30,83.87083725378048
Categoria_C,2024-01,31,120.31474503883533
Categoria_C,2024-02,1,78.00033734229787
Categoria_C,2024-02,2,64.26771102263739
Categoria_C,2024-02,3,69.15122815232192
Categoria_C,2024-02,4,89.41557507883793
Categoria_C,2024-02,5,71.10222608841293
Categoria_C,2024-02,6,11.931451448236649
Categoria_C,2024-02,7,40.106997739272806
Categoria_C,2024-02,8,90.39773445615782
Categoria_C,2024-02,9,104.61137251730354
Categoria_C,2024-02,10,42.48436913619909
Categoria_C,2024-02,11,561.9491904090432
Categoria_C,2024-02,12,199.22328366494824
Categoria_C,2024-02,13,88.06265413369232
Categoria_C,2024-02,14,74.19898818350434
Categoria_C,2024-02,15,99.25336942675541
Categoria_C,2024-02,16,50.20723961157897
Categoria_C,2024-02,17,41.63518376059263
Categoria_C,2024-02,18,69.74875720565974
Categoria_C,2024-02,19,53.31048630223372
Categoria_C,2024-02,20,107.39184692299992
Categoria_C,2024-02,21,51.398128600522554
Categoria_C,2024-02,22,456.01142108582155
Categoria_C,2024-02,23,15.266013255381083
Categoria_C,2024-02,24,83.01954488108913
Categoria_C,2024-02,25,44.544327700137075
Categoria_C,2024-02,26,42.609504103602546
Categoria_C,2024-02,27,79.34886320281336
Categoria_C,2024-02,28,77.93393252493739
Categoria_C,2024-02,29,43.41826204300841
Categoria_C,2024-03,1,69.6272820623249
Categoria_C,2024-03,2,57.98121262575799
Categoria_C,2024-03,3,76.14075877471997
Categoria_C,2024-03,4,109.73898623242401
Categoria_C,2024-03,5,93.63004775190839
Categoria_C,2024-03,6,176.80884980456608
Categoria_C,2024-03,7,103.29045159685577
Categoria_C,2024-03,8,19.90496052138045
Categoria_C,2024-03,9,17.48921855761783
Categoria_C,2024-03,10,349.4542777513418
Categoria_C,2024-03,11,86.03206806229525
Categoria_C,2024-03,12,78.14382549419085
Categoria_C,2024-03,13,86.86636409446061
Categoria_C,2024-03,14,357.7189412754345
Categoria_C,2024-03,15,90.72637542692726
Categoria_C,2024-03,16,82.73649592962002
Categoria_C,2024-03,17,98.8780648091005
Categoria_C,2024-03,18,63.40626938495564
Categoria_C,2024-03,19,84.86194754576583
Categoria_C,2024-03,20,79.30963278171852
Categoria_C,2024-03,21,89.60459130568357
Categoria_C,2024-03,22,49.18317505647046
Categoria_C,2024-03,23,89.0663810308997
Categoria_C,2024-03,24,83.60631134772986
Categoria_C,2024-03,25,55.66294290228869
Categoria_C,2024-03,26,87.93670834952609
Categoria_C,2024-03,27,81.65641313814444
Categoria_C,2024-03,28,104.60480136783069
Categoria_C,2024-03,29,85.10505998779473
Categoria_C,2024-03,30,90.71543792845411
Categoria_C,2024-03,31,100.11214710181164
Categoria_C,2024-04,1,98.85399208162987
Categoria_C,2024-04,2,75.37691800157566
Categoria_C,2024-04,3,116.83933731552086
Categoria_C,2024-04,4,154.02731046713242
Categoria_C,2024-04,5,107.60035389856658
Categoria_C,2024-04,6,69.00202038516198
Categoria_C,2024-04,7,156.6463207644068
Categoria_C,2024-04,8,99.23615385714652
Categoria_C,2024-04,9,125.60950961303354
Categoria_C,2024-04,10,77.48848052926512
Categoria_C,2024-04,11,72.28543780865157
Categoria_C,2024-04,12,141.50585578563562
Categoria_C,2024-04,13,105.53191903856639
Categoria_C,2024-04,14,73.48114169901994
Categoria_C,2024-04,15,77.88016594903533
Categoria_C,2024-04,16,95.40746748099035
Categoria_C,2024-04,17,100.41967572061155
Categoria_C,2024-04,18,125.52891525639627
Categoria_C,2024-04,19,147.85249038031313
Categoria_C,2024-04,20,87.28634321172191
Categoria_C,2024-04,21,137.09357799224682
Categoria_C,2024-04,22,106.60046557865971
Categoria_C,2024-04,23,73.30412133590275
Categoria_C,2024-04,24,77.24149081844055
Categoria_C,2024-04,25,101.23754821157473
Categoria_C,2024-04,26,67.75344289528614
Categoria_C,2024-04,27,85.52454474124019
Categoria_C,2024-04,28,120.1546204789362
Categoria_C,2024-04,29,54.618149227704414
Categoria_C,2024-04,30,68.61222947562621
Categoria_C,2024-05,1,29.655302113439443
Categoria_C,2024-05,2,101.24011878289504
Categoria_C,2024-05,3,59.04979459727178
Categoria_C,2024-05,4,87.84513822299692
Categoria_C,2024-05,5,88.25241016095575
Categoria_C,2024-05,6,17.464121777684866
Categoria_C,2024-05,7,64.17015492208763
Categoria_C,2024-05,8,88.26170143234543
Categoria_C,2024-05,9,85.87339511921161
Categoria_C,2024-05,10,445.45350617160625
Categoria_C,2024-05,11,74.51438654202872
Categoria_C,2024-05,12,104.2986494054888
Categoria_C,2024-05,13,73.29282780657114
Categoria_C,2024-05,14,77.60161046537264
Categoria_C,2024-05,15,86.63187515024634
Categoria_C,2024-05,16,79.04350675883079
Categoria_C,2024-05,17,98.95363253847742
Categoria_C,2024-05,18,229.35084644990712
Categoria_C,2024-05,19,65.40573118776895
Categoria_C,2024-05,20,75.48944532878728
Categoria_C,2024-05,21,102.30670041626927
Categoria_C,2024-05,22,65.89980765620955
Categoria_C,2024-05,23,102.56251254620409
Categoria_C,2024-05,24,74.37573077911799
Categoria_C,2024-05,25,67.84173656165619
Categoria_C,2024-05,26,253.92805531235922
Categoria_C,2024-05,27,86.08704284176588
Categoria_C,2024-05,28,74.55119565617677
Categoria_C,2024-05,29,74.14992134700178
Categoria_C,2024-05,30,89.01130378484731
Categoria_C,2024-05,31,77.43783816441811
Categoria_C,2024-06,1,74.03506399943122
Categoria_C,2024-06,2,206.84005466975998
Categoria_C,2024-06,3,115.64602726059823
Categoria_C,2024-06,4,101.327255264933
Categoria_C,2024-06,5,121.37283272429838
Categoria_C,2024-06,6,74.76879428519068
Categoria_C,2024-06,7,104.39417856666023
Categoria_C,2024-06,8,18.55240297069123
Categoria_C,2024-06,9,52.35059786702034
Categoria_C,2024-06,10,46.90638719132789
Categoria_C,2024-06,11,40.847132514267756
Categoria_C,2024-06,12,63.07765519264254
Categoria_C,2024-06,13,51.17225927478103
Categoria_C,2024-06,14,105.62931343671012
Categoria_C,2024-06,15,107.85213750825896
Categoria_C,2024-06,16,80.67643070922308
Categoria_C,2024-06,17,106.2196599052124
Categoria_C,2024-06,18,347.0010862808969
Categoria_C,2024-06,19,120.81122613086265
Categoria_C,2024-06,20,58.25744397989983
Categoria_C,2024-06,21,89.70200926342538
Categoria_C,2024-06,22,17.411261837298092
Categoria_C,2024-06,23,42.858396020607394
Categoria_C,2024-06,24,110.74529383003919
Categoria_C,2024-06,25,102.19521069790011
Categoria_C,2024-06,26,121.28006026768418
Categoria_C,2024-06,27,264.831466394093
Categoria_C,2024-06,28,79.22935525582557
Categoria_C,2024-06,29,95.68227070142859
Categoria_C,2024-06,30,78.32673599903215
Categoria_C,2024-07,1,80.62052326917456
Categoria_C,2024-07,2,55.65299602041969
Categoria_C,2024-07,3,79.60362670248404
Categoria_C,2024-07,4,116.17135654620166
Categoria_C,2024-07,5,77.96329618095837
Categoria_C,2024-07,6,93.20593862317477
Categoria_C,2024-07,7,74.04456908578791
Categoria_C,2024-07,8,102.45381116835784
Categoria_C,2024-07,9,86.64262318488633
Categoria_C,2024-07,10,18.95710219398708
Categoria_C,2024-07,11,92.31388098660497
Categoria_C,2024-07,12,105.91306018580143
Categoria_C,2024-07,13,86.66116479147061
Categoria_C,2024-07,14,78.53167792988873
Categoria_C,2024-07,15,87.99836711054769
Categoria_C,2024-07,16,81.70255264942449
Categoria_C,2024-07,17,90.77615473817725
Categoria_C,2024-07,18,72.11870430442589
Categoria_C,2024-07,19,18.023895051095632
Categoria_C,2024-07,20,94.02688154579864
Categoria_C,2024-07,21,111.59357409666165
Categoria_C,2024-07,22,84.06272938471508
Categoria_C,2024-07,23,249.55845029964271
Categoria_C,2024-07,24,122.03898740580722
Categoria_C,2024-07,25,94.5004440821997
Categoria_C,2024-07,26,203.89691957847174
Categoria_C,2024-07,27,82.05941821802219
Categoria_C,2024-07,28,357.95563812037
Categoria_C,2024-07,29,71.42063297666682
Categoria_C,2024-07,30,74.02849625901348
Categoria_C,2024-07,31,55.5025273097612
Categoria_C,2024-08,1,119.30105170043755
Categoria_C,2024-08,2,79.33084544216796
Categoria_C,2024-08,3,54.40028042658597
Categoria_C,2024-08,4,67.30850168916915
Categoria_C,2024-08,5,79.11746437077618
Categoria_C,2024-08,6,152.60724875957297
Categoria_C,2024-08,7,82.41079023728697
Categoria_C,2024-08,8,148.3744606204357
Categoria_C,2024-08,9,114.60945315778591
Categoria_C,2024-08,10,85.54059538795998
Categoria_C,2024-08,11,124.35782327266409
Categoria_C,2024-08,12,61.84910232728315
Categoria_C,2024-08,13,140.331755127287
Categoria_C,2024-08,14,114.88273438920729
Categoria_C,2024-08,15,104.08674087645647
Categoria_C,2024-08,16,105.87134063408693
Categoria_C,2024-08,17,147.05344056339356
Categoria_C,2024-08,18,65.17187580428008
Categoria_C,2024-08,19,73.57470853589771
Categoria_C,2024-08,20,129.35607400507297
Categoria_C,2024-08,21,93.46494011879362
Categoria_C,2024-08,22,85.86157222654846
Categoria_C,2024-08,23,109.74978200037013
Categoria_C,2024-08,24,93.79576277482921
Categoria_C,2024-08,25,124.379791853586
Categoria_C,2024-08,26,78.95434588422705
Categoria_C,2024-08,27,63.632064520031655
Categoria_C,2024-08,28,74.98949623498541
Categoria_C,2024-08,29,99.62668709018597
Categoria_C,2024-08,30,107.19854983235277
Categoria_C,2024-08,31,118.81072013628163
Categoria_C,2024-09,1,95.40151642824205
Categoria_C,2024-09,2,111.48708323344209
Categoria_C,2024-09,3,75.2997890251939
Categoria_C,2024-09,4,120.08599944538368
Categoria_C,2024-09,5,100.84484434820513
Categoria_C,2024-09,6,132.97734803434062
Categoria_C,2024-09,7,65.54452446071362
Categoria_C,2024-09,8,65.31046933968472
Categoria_C,2024-09,9,102.58152806977841
Categoria_C,2024-09,10,95.62927863636452
Categoria_C,2024-09,11,92.04275955034474
Categoria_C,2024-09,12,87.65373964906304
Categoria_C,2024-09,13,92.78840012805799
Categoria_C,2024-09,14,122.4163698238919
Categoria_C,2024-09,15,84.49022131199172
Categoria_C,2024-09,16,96.81893277481957
Categoria_C,2024-09,17,93.805013230129
Categoria_C,2024-09,18,114.22213317237346
Categoria_C,2024-09,19,73.30068661312738
Categoria_C,2024-09,20,130.90184612391522
Categoria_C,2024-09,21,77.84701192416911
Categoria_C,2024-09,22,110.92259670178579
Categoria_C,2024-09,23,78.44405170368255
Categoria_C,2024-09,24,133.26256539730235
Categoria_C,2024-09,25,92.23308732900233
Categoria_C,2024-09,26,112.51245779068151
Categoria_C,2024-09,27,116.70665906558774
Categoria_C,2024-09,28,95.094856231041
Categoria_C,2024-09,29,115.05427897794547
Categoria_C,2024-09,30,114.31995147973952
Categoria_C,2024-10,1,85.33519885076532
Categoria_C,2024-10,2,133.39693275068254
Categoria_C,2024-10,3,77.17997011311427
Categoria_C,2024-10,4,80.50594523105934
Categoria_C,2024-10,5,109.89018181727884
Categoria_C,2024-10,6,70.50693903470976
Categoria_C,2024-10,7,57.57513163033921
Categoria_C,2024-10,8,91.05478615099788
Categoria_C,2024-10,9,104.11388053557506
Categoria_C,2024-10,10,67.86354263897829
Categoria_C,2024-10,11,140.8362562934349
Categoria_C,2024-10,12,60.32868932972365
Categoria_C,2024-10,13,114.00303833544395
Categoria_C,2024-10,14,135.87577806890354
Categoria_C,2024-10,15,104.05097524832063
Categoria_C,2024-10,16,131.38693387194388
Categoria_C,2024-10,17,130.87348040045916
Categoria_C,2024-10,18,84.39311793856213
Categoria_C,2024-10,19,134.34353229548077
Categoria_C,2024-10,20,112.14710160009095
Categoria_C,2024-10,21,146.0350876638038
Categoria_C,2024-10,22,80.85756394886675
Categoria_C,2024-10,23,53.37452840341619
Categoria_C,2024-10,24,126.74779082400536
Categoria_C,2024-10,25,62.34667597865792
Categoria_C,2024-10,26,125.2562182192283
Categoria_C,2024-10,27,69.14740764186153
Categoria_C,2024-10,28,114.97889982161864
Categoria_C,2024-10,29,86.73203505512663
Categoria_C,2024-10,30,136.97225783189577
Categoria_C,2024-10,31,71.89012247565488
Categoria_C,2024-11,1,69.33516286036412
Categoria_C,2024-11,2,64.40220799901077
Categoria_C,2024-11,3,74.5599458659221
Categoria_C,2024-11,4,99.61564076895993
Categoria_C,2024-11,5,24.099468686342398
Categoria_C,2024-11,6,349.9855110781156
Categoria_C,2024-11,7,49.043794435965935
Categoria_C,2024-11,8,76.96134535585759
Categoria_C,2024-11,9,77.75696415604828
Categoria_C,2024-11,10,63.282774627241096
Categoria_C,2024-11,11,287.238973169584
Categoria_C,2024-11,12,79.04978249626433
Categoria_C,2024-11,13,392.61845646485165
Categoria_C,2024-11,14,80.84524925401426
Categoria_C,2024-11,15,57.64559262357983
Categoria_C,2024-11,16,79.62115650491964
Categoria_C,2024-11,17,75.51432333740989
Categoria_C,2024-11,18,92.92974220932932
Categoria_C,2024-11,19,67.16224270952314
Categoria_C,2024-11,20,85.91954335793596
Categoria_C,2024-11,21,75.79623268448806
Categoria_C,2024-11,22,41.66729506002139
Categoria_C,2024-11,23,113.69265404012181
Categoria_C,2024-11,24,80.68033353021981
Categoria_C,2024-11,25,67.36314728889042
Categoria_C,2024-11,26,78.67926667210902
Categoria_C,2024-11,27,83.59233957075357
Categoria_C,2024-11,28,68.10856087929027
Categoria_C,2024-11,29,72.25345757055877
Categoria_C,2024-11,30,70.57883474230643
Categoria_C,2024-12,1,69.11059104300718
Categoria_C,2024-12,2,108.74331382290897
Categoria_C,2024-12,3,364.16544599738734
Categoria_C,2024-12,4,100.40918310739809
Categoria_C,2024-12,5,51.34477526705285
Categoria_C,2024-12,6,488.6107338483846
Categoria_C,2024-12,7,96.18732234630198
Categoria_C,2024-12,8,87.46357214697777
Categoria_C,2024-12,9,40.803954082067634
Categoria_C,2024-12,10,38.98107032551984
Categoria_C,2024-12,11,71.03787830012831
Categoria_C,2024-12,12,36.609191620606836
Categoria_C,2024-12,13,85.76742672471298
Categoria_C,2024-12,14,47.692152861048086
Categoria_C,2024-12,15,77.44223614853128
Categoria_C,2024-12,16,100.26528718940102
Categoria_C,2024-12,17,108.41841299732974
Categoria_C,2024-12,18,91.74840588577442
Categoria_C,2024-12,19,87.80657575778778
Categoria_C,2024-12,20,18.524332630878504
Categoria_C,2024-12,21,106.6026900619195
Categoria_C,2024-12,22,95.84732502576604
Categoria_C,2024-12,23,105.13985633832394
Categoria_C,2024-12,24,102.38756370872167
Categoria_C,2024-12,25,36.57151129153372
Categoria_C,2024-12,26,20.083527511707498
Categoria_C,2024-12,27,63.105384268673184
Categoria_C,2024-12,28,51.240842890874056
Categoria_C,2024-12,29,47.09799433894777
Categoria_C,2024-12,30,198.4016998891844
Categoria_C,2024-12,31,102.38974257114323
Categoria_D,2024-01,1,21.800010177110316
Categoria_D,2024-01,2,82.2654568245347
Categoria_D,2024-01,3,80.01443910630462
Categoria_D,2024-01,4,72.41752011092782
Categoria_D,2024-01,5,85.39890081554044
Categoria_D,2024-01,6,76.60019087135676
Categoria_D,2024-01,7,346.42190803437217
Categoria_D,2024-01,8,79.19218578264925
Categoria_D,2024-01,9,65.28725925470042
Categoria_D,2024-01,10,73.67144553051808
Categoria_D,2024-01,11,76.97652588140896
Categoria_D,2024-01,12,82.91151186066037
Categoria_D,2024-01,13,87.10213643004943
Categoria_D,2024-01,14,67.11401316148638
Categoria_D,2024-01,15,59.08972007763252
Categoria_D,2024-01,16,90.97811291240428
Categoria_D,2024-01,17,88.51439181078293
Categoria_D,2024-01,18,71.05664222840014
Categoria_D,2024-01,19,61.10341981173015
Categoria_D,2024-01,20,69.57947809924421
Categoria_D,2024-01,21,69.52419146017036
Categoria_D,2024-01,22,84.78159813287508
Categoria_D,2024-01,23,113.99569101018434
Categoria_D,2024-01,24,75.32139157033589
Categoria_D,2024-01,25,86.73682357865106
Categoria_D,2024-01,26,41.371222580956996
Categoria_D,2024-01,27,360.642368188827
Categoria_D,2024-01,28,64.0559060632236
Categoria_D,2024-01,29,54.01437024976656
Categoria_D,2024-01,30,331.88843812260217
Categoria_D,2024-01,31,80.1727302605932
Categoria_D,2024-02,1,122.88507522754719
Categoria_D,2024-02,2,122.93437659849918
Categoria_D,2024-02,3,61.7452924097947
Categoria_D,2024-02,4,85.9565979070809
Categoria_D,2024-02,5,87.13361750027941
Categoria_D,2024-02,6,139.62431592398866
Categoria_D,2024-02,7,119.0804719421033
Categoria_D,2024-02,8,65.74906075346023
Categoria_D,2024-02,9,58.677632931803515
Categoria_D,2024-02,10,94.33757209662016
Categoria_D,2024-02,11,105.94275226299054
Categoria_D,2024-02,12,133.5276737808679
Categoria_D,2024-02,13,66.16482835081979
Categoria_D,2024-02,14,77.24634768864905
Categoria_D,2024-02,15,140.8647830877168
Categoria_D,2024-02,16,65.17909190173499
Categoria_D,2024-02,17,60.362189537872304
Categoria_D,2024-02,18,130.6653015593424
Categoria_D,2024-02,19,57.26427487038525
Categoria_D,2024-02,20,136.06468292565958
Categoria_D,2024-02,21,80.94472849647173
Categoria_D,2024-02,22,108.32483733821562
Categoria_D,2024-02,23,160.2184578885181
Categoria_D,2024-02,24,71.71503586742506
Categoria_D,2024-02,25,125.00765444740212
Categoria_D,2024-02,26,94.69201975681055
Categoria_D,2024-02,27,129.34952695232067
Categoria_D,2024-02,28,127.48017398634836
Categoria_D,2024-02,29,70.86162600927163
Categoria_D,2024-03,1,98.53570813619199
Categoria_D,2024-03,2,104.67593705253654
Categoria_D,2024-03,3,72.84311927691553
Categoria_D,2024-03,4,70.46060474429278
Categoria_D,2024-03,5,81.32419936236586
Categoria_D,2024-03,6,79.84724666650986
Categoria_D,2024-03,7,60.97971413649133
Categoria_D,2024-03,8,341.37779381610335
Categoria_D,2024-03,9,76.07617039667383
Categoria_D,2024-03,10,88.26171818910508
Categoria_D,2024-03,11,100.76500211711164
Categoria_D,2024-03,12,87.58272848856022
Categoria_D,2024-03,13,75.853424617535
Categoria_D,2024-03,14,83.5646038120159
Categoria_D,2024-03,15,78.85947964723249
Categoria_D,2024-03,16,78.24247990766668
Categoria_D,2024-03,17,80.86910981858748
Categoria_D,2024-03,18,61.92882371081056
Categoria_D,2024-03,19,339.4772431731044
Categoria_D,2024-03,20,66.2221849680559
Categoria_D,2024-03,21,15.464905892780182
Categoria_D,2024-03,22,77.09325948128696
Categoria_D,2024-03,23,278.77900268350385
Categoria_D,2024-03,24,12.21302086868541
Categoria_D,2024-03,25,92.69182831193689
Categoria_D,2024-03,26,88.54807840481719
Categoria_D,2024-03,27,84.3701613051906
Categoria_D,2024-03,28,78.7917762578803
Categoria_D,2024-03,29,93.76845660683357
Categoria_D,2024-03,30,91.33315655101967
Categoria_D,2024-03,31,59.19906159819886
Categoria_D,2024-04,1,96.82046467058989
Categoria_D,2024-04,2,134.22262740424048
Categoria_D,2024-04,3,84.37402737275
Categoria_D,2024-04,4,110.64075622924096
Categoria_D,2024-04,5,54.347174301332444
Categoria_D,2024-04,6,72.80228498264007
Categoria_D,2024-04,7,71.15423154018862
Categoria_D,2024-04,8,71.09943106170593
Categoria_D,2024-04,9,78.5565243447146
Categoria_D,2024-04,10,108.63549206898267
Categoria_D,2024-04,11,133.66477616148995
Categoria_D,2024-04,12,95.12355544342455
Categoria_D,2024-04,13,100.69413174270649
Categoria_D,2024-04,14,141.78741819098263
Categoria_D,2024-04,15,105.88471547892681
Categoria_D,2024-04,16,124.15334122515532
Categoria_D,2024-04,17,52.5051970628054
Categoria_D,2024-04,18,57.8516814248344
Categoria_D,2024-04,19,65.13287855222428
Categoria_D,2024-04,20,132.28517923043236
Categoria_D,2024-04,21,106.15832627093458
Categoria_D,2024-04,22,107.09098265385342
Categoria_D,2024-04,23,131.51675069110607
Categoria_D,2024-04,24,130.79341569078218
Categoria_D,2024-04,25,112.62130957837073
Categoria_D,2024-04,26,145.28461751217586
Categoria_D,2024-04,27,142.91117660027203
Categoria_D,2024-04,28,87.00527196238227
Categoria_D,2024-04,29,71.58889659905383
Categoria_D,2024-04,30,73.2933639517016
Categoria_D,2024-05,1,63.44459069583842
Categoria_D,2024-05,2,286.265900122153
Categoria_D,2024-05,3,46.542381632071034
Categoria_D,2024-05,4,102.99623122916185
Categoria_D,2024-05,5,67.16062222511066
Categoria_D,2024-05,6,57.76934580672127
Categoria_D,2024-05,7,75.60111513883024
Categoria_D,2024-05,8,60.086180424775385
Categoria_D,2024-05,9,66.71852588801856
Categoria_D,2024-05,10,69.11813388016108
Categoria_D,2024-05,11,74.92800961829609
Categoria_D,2024-05,12,44.592617087800456
Categoria_D,2024-05,13,17.616437204286697
Categoria_D,2024-05,14,66.93687423168822
Categoria_D,2024-05,15,46.61977118329973
Categoria_D,2024-05,16,77.77930693547805
Categoria_D,2024-05,17,603.2338299630877
Categoria_D,2024-05,18,49.66812145863191
Categoria_D,2024-05,19,73.18593949923545
Categoria_D,2024-05,20,77.77694596178492
Categoria_D,2024-05,21,96.57917692274034
Categoria_D,2024-05,22,59.891322525127016
Categoria_D,2024-05,23,380.6327937578453
Categoria_D,2024-05,24,64.9868759825187
Categoria_D,2024-05,25,88.65098086630208
Categoria_D,2024-05,26,36.297274078392014
Categoria_D,2024-05,27,70.10572444452941
Categoria_D,2024-05,28,57.31815806413573
Categoria_D,2024-05,29,80.9797654289208
Categoria_D,2024-05,30,78.24088185299514
Categoria_D,2024-05,31,58.27616589006295
Categoria_D,2024-06,1,127.87839795633528
Categoria_D,2024-06,2,54.85319014705922
Categoria_D,2024-06,3,79.06028291246409
Categoria_D,2024-06,4,102.56027444540075
Categoria_D,2024-06,5,134.13142800195152
Categoria_D,2024-06,6,107.74697800057214
Categoria_D,2024-06,7,127.77633175446834
Categoria_D,2024-06,8,117.02220211271366
Categoria_D,2024-06,9,128.53167885459297
Categoria_D,2024-06,10,64.60394268392815
Categoria_D,2024-06,11,87.02972685583083
Categoria_D,2024-06,12,108.93864394007217
Categoria_D,2024-06,13,134.01575078932856
Categoria_D,2024-06,14,73.13366200904579
Categoria_D,2024-06,15,57.85825262161219
Categoria_D,2024-06,16,75.80761971266003
Categoria_D,2024-06,17,104.30275367202482
Categoria_D,2024-06,18,93.39039221884072
Categoria_D,2024-06,19,108.68821637944696
Categoria_D,2024-06,20,81.36080956567545
Categoria_D,2024-06,21,47.57384170059747
Categoria_D,2024-06,22,73.91522566810053
Categoria_D,2024-06,23,140.453152118221
Categoria_D,2024-06,24,136.33413839515813
Categoria_D,2024-06,25,81.906249707975
Categoria_D,2024-06,26,90.6938849225293
Categoria_D,2024-06,27,105.1185831843152
Categoria_D,2024-06,28,136.31950111732692
Categoria_D,2024-06,29,140.57586697465146
Categoria_D,2024-06,30,78.41902157710113
Categoria_D,2024-07,1,76.69761019696368
Categoria_D,2024-07,2,68.40491440001794
Categoria_D,2024-07,3,82.24587022115134
Categoria_D,2024-07,4,59.940151814993406
Categoria_D,2024-07,5,74.32801213589504
Categoria_D,2024-07,6,85.31667735094312
Categoria_D,2024-07,7,482.8631534914619
Categoria_D,2024-07,8,79.96180733029264
Categoria_D,2024-07,9,89.90959897642371
Categoria_D,2024-07,10,68.79483008222603
Categoria_D,2024-07,11,15.672944332297407
Categoria_D,2024-07,12,75.18026714351471
Categoria_D,2024-07,13,74.07350765393296
Categoria_D,2024-07,14,12.6930083844588
Categoria_D,2024-07,15,70.64133400707411
Categoria_D,2024-07,16,71.5948989270198
Categoria_D,2024-07,17,68.08723198969692
Categoria_D,2024-07,18,181.00751360204956
Categoria_D,2024-07,19,71.68355703440172
Categoria_D,2024-07,20,90.37719049601999
Categoria_D,2024-07,21,83.15715696116555
Categoria_D,2024-07,22,57.829200764501145
Categoria_D,2024-07,23,471.2890628069076
Categoria_D,2024-07,24,63.62008756687581
Categoria_D,2024-07,25,57.2043278386263
Categoria_D,2024-07,26,93.3330234248051
Categoria_D,2024-07,27,98.55403416689582
Categoria_D,2024-07,28,71.92930701878912
Categoria_D,2024-07,29,84.10339040095845
Categoria_D,2024-07,30,63.14311601260681
Categoria_D,2024-07,31,56.36321346703372
Categoria_D,2024-08,1,110.25248193962395
Categoria_D,2024-08,2,288.20162718666285
Categoria_D,2024-08,3,47.09298524964886
Categoria_D,2024-08,4,104.49948391112419
Categoria_D,2024-08,5,68.01041445537193
Categoria_D,2024-08,6,96.74345632272107
Categoria_D,2024-08,7,73.77787025298008
Categoria_D,2024-08,8,121.70819607518962
Categoria_D,2024-08,9,13.72345081018615
Categoria_D,2024-08,10,47.70814147652289
Categoria_D,2024-08,11,87.20125191826874
Categoria_D,2024-08,12,48.57587675110254
Categoria_D,2024-08,13,124.04418212654078
Categoria_D,2024-08,14,61.02234125350026
Categoria_D,2024-08,15,60.40951072957941
Categoria_D,2024-08,16,80.09692133391944
Categoria_D,2024-08,17,87.14042225370402
Categoria_D,2024-08,18,90.74542230318049
Categoria_D,2024-08,19,105.30555391927211
Categoria_D,2024-08,20,92.12714046651529
Categoria_D,2024-08,21,83.14963943968947
Categoria_D,2024-08,22,72.8094205911789
Categoria_D,2024-08,23,46.59777511850191
Categoria_D,2024-08,24,60.32968479208057
Categoria_D,2024-08,25,50.14430967687644
Categoria_D,2024-08,26,262.8551736911732
Categoria_D,2024-08,27,55.788161323345186
Categoria_D,2024-08,28,70.79719518336843
Categoria_D,2024-08,29,380.88217960227325
Categoria_D,2024-08,30,84.42617824040695
Categoria_D,2024-08,31,123.83355160549031
Categoria_D,2024-09,1,81.97045412841612
Categoria_D,2024-09,2,40.676889529853334
Categoria_D,2024-09,3,334.8046155045451
Categoria_D,2024-09,4,111.89605204680517
Categoria_D,2024-09,5,51.716081767731744
Categoria_D,2024-09,6,93.81189305954273
Categoria_D,2024-09,7,86.60090506779164
Categoria_D,2024-09,8,60.386656921280014
Categoria_D,2024-09,9,64.66076684966218
Categoria_D,2024-09,10,64.55773294833921
Categoria_D,2024-09,11,76.46892930071249
Categoria_D,2024-09,12,94.67777195173247
Categoria_D,2024-09,13,67.18778824211417
Categoria_D,2024-09,14,27.820630942880427
Categoria_D,2024-09,15,64.757383842898
Categoria_D,2024-09,16,83.71922818695292
Categoria_D,2024-09,17,96.24324306698954
Categoria_D,2024-09,18,98.27856201725587
Categoria_D,2024-09,19,101.75346841125796
Categoria_D,2024-09,20,75.98155110426563
Categoria_D,2024-09,21,67.90228889724379
Categoria_D,2024-09,22,370.82586733463256
Categoria_D,2024-09,23,83.9353811096442
Categoria_D,2024-09,24,62.64555974340777
Categoria_D,2024-09,25,74.1137439445181
Categoria_D,2024-09,26,55.74645435489163
Categoria_D,2024-09,27,69.28789756346582
Categoria_D,2024-09,28,94.64961866758948
Categoria_D,2024-09,29,327.7110637905202
Categoria_D,2024-09,30,15.211519703058768
Categoria_D,2024-10,1,98.82457893062339
Categoria_D,2024-10,2,61.61893104742418
Categoria_D,2024-10,3,95.26693228487765
Categoria_D,2024-10,4,47.942178416494535
Categoria_D,2024-10,5,35.105562150413405
Categoria_D,2024-10,6,98.84729682938513
Categoria_D,2024-10,7,40.575208952446616
Categoria_D,2024-10,8,105.4519317777105
Categoria_D,2024-10,9,286.790234435665
Categoria_D,2024-10,10,107.63826456153656
Categoria_D,2024-10,11,63.329007886759165
Categoria_D,2024-10,12,115.0976896048604
Categoria_D,2024-10,13,72.01034993735422
Categoria_D,2024-10,14,115.79010334433326
Categoria_D,2024-10,15,47.276260565233954
Categoria_D,2024-10,16,50.841375517752745
Categoria_D,2024-10,17,77.12046385922898
Categoria_D,2024-10,18,7.639398207453727
Categoria_D,2024-10,19,112.11651310148213
Categoria_D,2024-10,20,89.67905832382392
Categoria_D,2024-10,21,94.85521908318691
Categoria_D,2024-10,22,76.52990022139136
Categoria_D,2024-10,23,445.6009418705337
Categoria_D,2024-10,24,74.17496540586784
Categoria_D,2024-10,25,79.84918812756668
Categoria_D,2024-10,26,174.7625304517817
Categoria_D,2024-10,27,65.91201834218508
Categoria_D,2024-10,28,109.0322066955941
Categoria_D,2024-10,29,66.09247031390242
Categoria_D,2024-10,30,92.78456349866146
Categoria_D,2024-10,31,91.4446562544694
Categoria_D,2024-11,1,109.15938952287384
Categoria_D,2024-11,2,118.74487556640547
Categoria_D,2024-11,3,87.62657966286883
Categoria_D,2024-11,4,122.36188651430261
Categoria_D,2024-11,5,116.92526704333477
Categoria_D,2024-11,6,99.4717315061531
Categoria_D,2024-11,7,80.93729085116634
Categoria_D,2024-11,8,100.21624051673291
Categoria_D,2024-11,9,110.660487995767
Categoria_D,2024-11,10,72.95418491106665
Categoria_D,2024-11,11,146.65825565570051
Categoria_D,2024-11,12,110.95187760485335
Categoria_D,2024-11,13,89.96317484222828
Categoria_D,2024-11,14,89.53094087241948
Categoria_D,2024-11,15,89.25011086605303
Categoria_D,2024-11,16,83.99061377279268
Categoria_D,2024-11,17,155.27468111074586
Categoria_D,2024-11,18,110.81783270852767
Categoria_D,2024-11,19,66.62310251396866
Categoria_D,2024-11,20,83.22781738385963
Categoria_D,2024-11,21,99.21426620559167
Categoria_D,2024-11,22,102.94831316626103
Categoria_D,2024-11,23,107.77252755065896
Categoria_D,2024-11,24,112.04201686253768
Categoria_D,2024-11,25,126.87036590616142
Categoria_D,2024-11,26,83.11533507968139
Categoria_D,2024-11,27,85.25794025460432
Categoria_D,2024-11,28,69.05715195669146
Categoria_D,2024-11,29,86.3413266230161
Categoria_D,2024-11,30,82.03441497297582
Categoria_D,2024-12,1,57.05975009591211
Categoria_D,2024-12,2,72.94153004447494
Categoria_D,2024-12,3,14.336152432605893
Categoria_D,2024-12,4,73.90191372159103
Categoria_D,2024-12,5,87.953401011273
Categoria_D,2024-12,6,254.29692855776022
Categoria_D,2024-12,7,113.95288611271077
Categoria_D,2024-12,8,74.98751681940858
Categoria_D,2024-12,9,78.36502831611551
Categoria_D,2024-12,10,46.73812975010827
Categoria_D,2024-12,11,75.98854298785692
Categoria_D,2024-12,12,90.45695003942562
Categoria_D,2024-12,13,551.7240549878476
Categoria_D,2024-12,14,88.57236468073546
Categoria_D,2024-12,15,99.40957974396566
Categoria_D,2024-12,16,116.23079288023418
Categoria_D,2024-12,17,24.061020900153277
Categoria_D,2024-12,18,98.26516142128366
Categoria_D,2024-12,19,45.28725757640067
Categoria_D,2024-12,20,75.7428942742431
Categoria_D,2024-12,21,54.440487884511754
Categoria_D,2024-12,22,102.48927313529897
Categoria_D,2024-12,23,168.26647349973967
Categoria_D,2024-12,24,75.66203882719432
Categoria_D,2024-12,25,104.17272651560535
Categoria_D,2024-12,26,61.55845547131022
Categoria_D,2024-12,27,78.00430262541906
Categoria_D,2024-12,28,85.2902198581353
Categoria_D,2024-12,29,61.599323463507666
Categoria_D,2024-12,30,69.91717242327805
Categoria_D,2024-12,31,98.32766994189298
Categoria_E,2024-01,1,86.21712967117459
Categoria_E,2024-01,2,117.99223948074491
Categoria_E,2024-01,3,96.59159615691306
Categoria_E,2024-01,4,74.43669951470258
Categoria_E,2024-01,5,99.84103416640153
Categoria_E,2024-01,6,120.13155490782027
Categoria_E,2024-01,7,92.61459188923826
Categoria_E,2024-01,8,88.77369757961921
Categoria_E,2024-01,9,86.57602263687376
Categoria_E,2024-01,10,93.40046827772795
Categoria_E,2024-01,11,103.50810246894612
Categoria_E,2024-01,12,125.72320017476157
Categoria_E,2024-01,13,104.3480150862713
Categoria_E,2024-01,14,115.84788781044848
Categoria_E,2024-01,15,104.74164758101412
Categoria_E,2024-01,16,81.11700498127793
Categoria_E,2024-01,17,126.51326815900569
Categoria_E,2024-01,18,82.18179833926328
Categoria_E,2024-01,19,87.46494868472087
Categoria_E,2024-01,20,113.23232967846478
Categoria_E,2024-01,21,108.1438436436564
Categoria_E,2024-01,22,78.98594044751604
Categoria_E,2024-01,23,73.28322046996692
Categoria_E,2024-01,24,118.1086828680179
Categoria_E,2024-01,25,119.93857275651246
Categoria_E,2024-01,26,101.86393104009719
Categoria_E,2024-01,27,80.06021765081832
Categoria_E,2024-01,28,99.8142256727784
Categoria_E,2024-01,29,125.68379969699734
Categoria_E,2024-01,30,105.9662288287902
Categoria_E,2024-01,31,86.89809967945887
Categoria_E,2024-02,1,101.75001574727358
Categoria_E,2024-02,2,101.38384344936158
Categoria_E,2024-02,3,92.85018860937771
Categoria_E,2024-02,4,142.40842174109744
Categoria_E,2024-02,5,86.48016742365158
Categoria_E,2024-02,6,188.91321501323327
Categoria_E,2024-02,7,111.69800792765781
Categoria_E,2024-02,8,120.87960100117411
Categoria_E,2024-02,9,57.549467901797584
Categoria_E,2024-02,10,105.82871872567995
Categoria_E,2024-02,11,49.79729442903326
Categoria_E,2024-02,12,56.23864478766302
Categoria_E,2024-02,13,23.86718695071117
Categoria_E,2024-02,14,127.1436244509851
Categoria_E,2024-02,15,64.64611676314111
Categoria_E,2024-02,16,119.49092723511282
Categoria_E,2024-02,17,57.03987890619351
Categoria_E,2024-02,18,142.59806233009274
Categoria_E,2024-02,19,53.187309365786106
Categoria_E,2024-02,20,179.63197598372207
Categoria_E,2024-02,21,72.05200977471642
Categoria_E,2024-02,22,84.15738003561133
Categoria_E,2024-02,23,94.09349073204582
Categoria_E,2024-02,24,84.1672415367193
Categoria_E,2024-02,25,251.11177515828564
Categoria_E,2024-02,26,116.69555352383306
Categoria_E,2024-02,27,79.59829698828607
Categoria_E,2024-02,28,112.64382526331059
Categoria_E,2024-02,29,22.09775824444628
Categoria_E,2024-03,1,15.99119331004625
Categoria_E,2024-03,2,470.992357220224
Categoria_E,2024-03,3,349.17910206207364
Categoria_E,2024-03,4,78.93317022823787
Categoria_E,2024-03,5,87.13286391237519
Categoria_E,2024-03,6,54.40857676606124
Categoria_E,2024-03,7,90.31377098722523
Categoria_E,2024-03,8,194.02188713500277
Categoria_E,2024-03,9,97.41729426940432
Categoria_E,2024-03,10,44.72799619065236
Categoria_E,2024-03,11,79.1997891779666
Categoria_E,2024-03,12,100.37397186070571
Categoria_E,2024-03,13,78.79829253767072
Categoria_E,2024-03,14,79.09620770886086
Categoria_E,2024-03,15,105.32886268411488
Categoria_E,2024-03,16,67.29631525880696
Categoria_E,2024-03,17,78.58026798135926
Categoria_E,2024-03,18,76.43270660015715
Categoria_E,2024-03,19,87.20432581981726
Categoria_E,2024-03,20,98.63464895919913
Categoria_E,2024-03,21,21.19617338673806
Categoria_E,2024-03,22,50.62159298382607
Categoria_E,2024-03,23,101.2438291760212
Categoria_E,2024-03,24,72.11856452586238
Categoria_E,2024-03,25,63.477082791226124
Categoria_E,2024-03,26,77.6157406707932
Categoria_E,2024-03,27,116.15536042674673
Categoria_E,2024-03,28,48.028704761655725
Categoria_E,2024-03,29,59.97627619303009
Categoria_E,2024-03,30,85.00837389793271
Categoria_E,2024-03,31,70.49470051620645
Categoria_E,2024-04,1,390.8077328909229
Categoria_E,2024-04,2,79.92551431294213
Categoria_E,2024-04,3,380.5859451022254
Categoria_E,2024-04,4,40.85508038752874
Categoria_E,2024-04,5,41.898189807459694
Categoria_E,2024-04,6,45.08017516920478
Categoria_E,2024-04,7,48.40619787360523
Categoria_E,2024-04,8,97.77495278592419
Categoria_E,2024-04,9,67.30405055231728
Categoria_E,2024-04,10,78.4121739745249
Categoria_E,2024-04,11,73.45917422909568
Categoria_E,2024-04,12,91.62351364654882
Categoria_E,2024-04,13,55.44017662116408
Categoria_E,2024-04,14,83.7840134261228
Categoria_E,2024-04,15,59.04445120146507
Categoria_E,2024-04,16,86.60978572752911
Categoria_E,2024-04,17,15.389934461890366
Categoria_E,2024-04,18,37.641536336363224
Categoria_E,2024-04,19,83.0602019757317
Categoria_E,2024-04,20,56.062568230602885
Categoria_E,2024-04,21,64.49729377456387
Categoria_E,2024-04,22,63.803791680375724
Categoria_E,2024-04,23,61.87792595695203
Categoria_E,2024-04,24,84.65312741218169
Categoria_E,2024-04,25,41.88756978833707
Categoria_E,2024-04,26,91.08459441494334
Categoria_E,2024-04,27,37.63410135507994
Categoria_E,2024-04,28,460.51696039482374
Categoria_E,2024-04,29,86.71491260057991
Categoria_E,2024-04,30,94.16435390899353
Categoria_E,2024-05,1,65.0508234987078
Categoria_E,2024-05,2,77.95345557846281
Categoria_E,2024-05,3,19.597553456973323
Categoria_E,2024-05,4,68.46673003561925
Categoria_E,2024-05,5,90.83016690276575
Categoria_E,2024-05,6,90.72093805461814
Categoria_E,2024-05,7,76.88498707170058
Categoria_E,2024-05,8,42.453660584863336
Categoria_E,2024-05,9,51.26316709824111
Categoria_E,2024-05,10,47.89838878529497
Categoria_E,2024-05,11,112.14025282254157
Categoria_E,2024-05,12,80.42657909959922
Categoria_E,2024-05,13,72.89977876928711
Categoria_E,2024-05,14,101.75188547630069
Categoria_E,2024-05,15,54.048316422705064
Categoria_E,2024-05,16,87.66731628512814
Categoria_E,2024-05,17,62.67789272932314
Categoria_E,2024-05,18,69.80463023467175
Categoria_E,2024-05,19,73.44149474440464
Categoria_E,2024-05,20,57.646735195342906
Categoria_E,2024-05,21,56.39063911561445
Categoria_E,2024-05,22,67.37484074242337
Categoria_E,2024-05,23,65.96772060854882
Categoria_E,2024-05,24,86.60463631722145
Categoria_E,2024-05,25,74.71927053759046
Categoria_E,2024-05,26,87.00450749427402
Categoria_E,2024-05,27,53.53015938723015
Categoria_E,2024-05,28,439.26471739733415
Categoria_E,2024-05,29,87.43101761317965
Categoria_E,2024-05,30,100.68412027663602
Categoria_E,2024-05,31,577.4036176633955
Categoria_E,2024-06,1,144.53092289114323
Categoria_E,2024-06,2,64.04216292094793
Categoria_E,2024-06,3,67.84767090795935
Categoria_E,2024-06,4,95.29122111873545
Categoria_E,2024-06,5,518.1548986489377
Categoria_E,2024-06,6,10.638453956946147
Categoria_E,2024-06,7,65.70545829748067
Categoria_E,2024-06,8,70.27416466935442
Categoria_E,2024-06,9,79.31528334683371
Categoria_E,2024-06,10,66.8588661937141
Categoria_E,2024-06,11,95.77631933830695
Categoria_E,2024-06,12,72.14697810014532
Categoria_E,2024-06,13,96.14806008565603
Categoria_E,2024-06,14,91.49281527531235
Categoria_E,2024-06,15,54.207598929337344
Categoria_E,2024-06,16,91.36831685958653
Categoria_E,2024-06,17,113.24428677854405
Categoria_E,2024-06,18,80.85431321230313
Categoria_E,2024-06,19,223.7888044997813
Categoria_E,2024-06,20,115.20278089928502
Categoria_E,2024-06,21,94.81748466376607
Categoria_E,2024-06,22,91.58118795711731
Categoria_E,2024-06,23,65.3883772727271
Categoria_E,2024-06,24,88.35045455833142
Categoria_E,2024-06,25,104.91436423551065
Categoria_E,2024-06,26,56.044243514596616
Categoria_E,2024-06,27,80.65873993142176
Categoria_E,2024-06,28,68.82661087400594
Categoria_E,2024-06,29,19.151708491943626
Categoria_E,2024-06,30,113.37745157026906
Categoria_E,2024-07,1,110.53739574162584
Categoria_E,2024-07,2,89.18569110925996
Categoria_E,2024-07,3,89.49514298688248
Categoria_E,2024-07,4,95.39922975832481
Categoria_E,2024-07,5,70.74051124062326
Categoria_E,2024-07,6,88.19077086301833
Categoria_E,2024-07,7,328.7920982233987
Categoria_E,2024-07,8,78.19369319428831
Categoria_E,2024-07,9,102.42764461190967
Categoria_E,2024-07,10,71.73311556513309
Categoria_E,2024-07,11,101.81710422956841
Categoria_E,2024-07,12,261.1378965266414
Categoria_E,2024-07,13,103.13080086573817
Categoria_E,2024-07,14,83.64932575995907
Categoria_E,2024-07,15,78.259357406311
Categoria_E,2024-07,16,84.38989388447295
Categoria_E,2024-07,17,102.14247837359473
Categoria_E,2024-07,18,49.291945545758594
Categoria_E,2024-07,19,255.97599396120347
Categoria_E,2024-07,20,49.59519507372171
Categoria_E,2024-07,21,104.58211911824225
Categoria_E,2024-07,22,86.06933589387988
Categoria_E,2024-07,23,86.07965667360732
Categoria_E,2024-07,24,44.16189609353917
Categoria_E,2024-07,25,73.51742158408092
Categoria_E,2024-07,26,97.03258552712477
Categoria_E,2024-07,27,66.75324422037757
Categoria_E,2024-07,28,41.818359916484596
Categoria_E,2024-07,29,83.99705683806974
Categoria_E,2024-07,30,27.63661888826402
Categoria_E,2024-07,31,94.2664203248959
Categoria_E,2024-08,1,96.90276508036774
Categoria_E,2024-08,2,82.64926301832868
Categoria_E,2024-08,3,119.43959434945965
Categoria_E,2024-08,4,91.31880018808208
Categoria_E,2024-08,5,86.77812629702244
Categoria_E,2024-08,6,97.41460623582543
Categoria_E,2024-08,7,81.06940052871656
Categoria_E,2024-08,8,68.14531363448127
Categoria_E,2024-08,9,147.0714431968221
Categoria_E,2024-08,10,61.78254705458354
Categoria_E,2024-08,11,131.6871011213854
Categoria_E,2024-08,12,149.61428505883785
Categoria_E,2024-08,13,112.67488135501273
Categoria_E,2024-08,14,115.77485531712625
Categoria_E,2024-08,15,90.04815817124829
Categoria_E,2024-08,16,68.19833453300465
Categoria_E,2024-08,17,64.58780884546518
Categoria_E,2024-08,18,67.45743814116716
Categoria_E,2024-08,19,84.37303712036818
Categoria_E,2024-08,20,96.98321833335271
Categoria_E,2024-08,21,105.93715627231106
Categoria_E,2024-08,22,74.58050249907416
Categoria_E,2024-08,23,111.85422596345441
Categoria_E,2024-08,24,80.0984904611736
Categoria_E,2024-08,25,139.04144761983974
Categoria_E,2024-08,26,86.84170413478857
Categoria_E,2024-08,27,71.66846084792529
Categoria_E,2024-08,28,149.55215729762065
Categoria_E,2024-08,29,140.3353871465018
Categoria_E,2024-08,30,80.29092381623433
Categoria_E,2024-08,31,145.82856636041853
Categoria_E,2024-09,1,116.2194432289664
Categoria_E,2024-09,2,72.97457744524566
Categoria_E,2024-09,3,114.49127315055499
Categoria_E,2024-09,4,109.97263363454672
Categoria_E,2024-09,5,113.25168746510556
Categoria_E,2024-09,6,86.01732717642341
Categoria_E,2024-09,7,97.91407543140475
Categoria_E,2024-09,8,128.41027487382618
Categoria_E,2024-09,9,70.47957584388462
Categoria_E,2024-09,10,106.74368847655319
Categoria_E,2024-09,11,93.63631909737246
Categoria_E,2024-09,12,99.32277893088197
Categoria_E,2024-09,13,108.45355176831875
Categoria_E,2024-09,14,80.07463496934896
Categoria_E,2024-09,15,113.51657375910625
Categoria_E,2024-09,16,80.31360134728897
Categoria_E,2024-09,17,97.37300001464187
Categoria_E,2024-09,18,68.37663910214853
Categoria_E,2024-09,19,102.19417239414436
Categoria_E,2024-09,20,75.08731728380957
Categoria_E,2024-09,21,109.85913588831512
Categoria_E,2024-09,22,142.65545106811302
Categoria_E,2024-09,23,94.14185224388791
Categoria_E,2024-09,24,82.58490096719983
Categoria_E,2024-09,25,95.36588009547503
Categoria_E,2024-09,26,107.34328865019262
Categoria_E,2024-09,27,77.70063064055171
Categoria_E,2024-09,28,98.69478070344236
Categoria_E,2024-09,29,141.86540949560913
Categoria_E,2024-09,30,114.96552485363958
Categoria_E,2024-10,1,164.17036473467218
Categoria_E,2024-10,2,135.91970130927282
Categoria_E,2024-10,3,116.40782837201706
Categoria_E,2024-10,4,67.50296670362626
Categoria_E,2024-10,5,67.23208816993407
Categoria_E,2024-10,6,86.14268748746618
Categoria_E,2024-10,7,55.286503472899575
Categoria_E,2024-10,8,117.50401046455164
Categoria_E,2024-10,9,126.5666215072337
Categoria_E,2024-10,10,101.75216989662894
Categoria_E,2024-10,11,113.70529881062063
Categoria_E,2024-10,12,100.2271262821206
Categoria_E,2024-10,13,63.427862825432435
Categoria_E,2024-10,14,150.86873614055824
Categoria_E,2024-10,15,139.34933802442214
Categoria_E,2024-10,16,99.28521320147748
Categoria_E,2024-10,17,123.24075434386543
Categoria_E,2024-10,18,78.64523633361812
Categoria_E,2024-10,19,113.86055064895729
Categoria_E,2024-10,20,151.48979339272938
Categoria_E,2024-10,21,56.008938750232666
Categoria_E,2024-10,22,93.75436121371979
Categoria_E,2024-10,23,61.694554290860076
Categoria_E,2024-10,24,73.21110820450589
Categoria_E,2024-10,25,67.46278382048239
Categoria_E,2024-10,26,124.5298796246613
Categoria_E,2024-10,27,85.58605308000077
Categoria_E,2024-10,28,68.98288697580311
Categoria_E,2024-10,29,77.29727532627092
Categoria_E,2024-10,30,116.22469679920073
Categoria_E,2024-10,31,102.66260979215963
Categoria_E,2024-11,1,563.7326913328046
Categoria_E,2024-11,2,74.00384656287545
Categoria_E,2024-11,3,89.10651250000697
Categoria_E,2024-11,4,267.37573177867233
Categoria_E,2024-11,5,92.04900774533643
Categoria_E,2024-11,6,82.16006975041178
Categoria_E,2024-11,7,145.45839922994085
Categoria_E,2024-11,8,72.44904033994791
Categoria_E,2024-11,9,74.35836345632636
Categoria_E,2024-11,10,98.44749440840555
Categoria_E,2024-11,11,65.6784079195226
Categoria_E,2024-11,12,76.59161746720396
Categoria_E,2024-11,13,86.3163467889185
Categoria_E,2024-11,14,100.21933019100105
Categoria_E,2024-11,15,93.3174979169417
Categoria_E,2024-11,16,54.951642326424
Categoria_E,2024-11,17,98.21321891097597
Categoria_E,2024-11,18,69.45355428092516
Categoria_E,2024-11,19,75.70495899765214
Categoria_E,2024-11,20,66.0785415133953
Categoria_E,2024-11,21,75.70391695805755
Categoria_E,2024-11,22,94.51459863436449
Categoria_E,2024-11,23,14.361384894341898
Categoria_E,2024-11,24,19.760786841100387
Categoria_E,2024-11,25,62.30230606170654
Categoria_E,2024-11,26,92.40451814357317
Categoria_E,2024-11,27,73.75734000629387
Categoria_E,2024-11,28,64.54452633794718
Categoria_E,2024-11,29,71.86456295644572
Categoria_E,2024-11,30,85.11978574848027
Categoria_E,2024-12,1,58.77320721483252
Categoria_E,2024-12,2,32.472607779122185
Categoria_E,2024-12,3,71.36646789726296
Categoria_E,2024-12,4,64.0319724144805
Categoria_E,2024-12,5,69.12519457515066
Categoria_E,2024-12,6,90.1385231886084
Categoria_E,2024-12,7,108.21697543843501
Categoria_E,2024-12,8,339.55773165912706
Categoria_E,2024-12,9,100.48350464744429
Categoria_E,2024-12,10,116.1767442377806
Categoria_E,2024-12,11,77.6072643298296
Categoria_E,2024-12,12,129.6042085492278
Categoria_E,2024-12,13,134.14872075601363
Categoria_E,2024-12,14,121.66501891506458
Categoria_E,2024-12,15,66.80689388023933
Categoria_E,2024-12,16,91.36868693189415
Categoria_E,2024-12,17,70.40747572814008
Categoria_E,2024-12,18,120.03185211370025
Categoria_E,2024-12,19,62.54128102371253
Categoria_E,2024-12,20,72.94960799768741
Categoria_E,2024-12,21,71.68925985193445
Categoria_E,2024-12,22,132.84408976241664
Categoria_E,2024-12,23,125.29668725400403
Categoria_E,2024-12,24,88.66061748440924
Categoria_E,2024-12,25,28.032049486144018
Categoria_E,2024-12,26,75.17862433924773
Categoria_E,2024-12,27,108.17359824445266
Categoria_E,2024-12,28,139.82377754627166
Categoria_E,2024-12,29,131.92887323543735
Categoria_E,2024-12,30,71.32757399535684
Categoria_E,2024-12,31,129.57090952257062
